{
    "summary": {
        "CATO-AFNO (w/ MF)": {
            "L2": 0.07229485644532421,
            "MAE": 0.39244885240888056,
            "RMSE": 0.5445401508183828
        },
        "CATO-AFNO (w/o MF)": {
            "L2": 0.07424866091629334,
            "MAE": 0.4026058641175644,
            "RMSE": 0.5592723966827522
        },
        "CATO-Transolver (w/ MF)": {
            "L2": 0.07350290402588716,
            "MAE": 0.39823959455098185,
            "RMSE": 0.5537056806203197
        },
        "CATO-Transolver (w/o MF)": {
            "L2": 0.07678650295614116,
            "MAE": 0.4160085185792864,
            "RMSE": 0.5784441644204563
        }
    },
    "frame_l2": {
        "CATO-AFNO (w/ MF)": {
            "1": 0.07298923091232908,
            "2": 0.07280072671561337,
            "3": 0.07263528279173417,
            "4": 0.07249067288321455,
            "5": 0.07236466328456208,
            "6": 0.07225263155881877,
            "7": 0.07215131903619494,
            "8": 0.07206354032942086,
            "9": 0.07199770151849864,
            "10": 0.07196318604809498,
            "11": 0.07196172750081795,
            "12": 0.07198682816577065,
            "13": 0.07203001718602588,
            "14": 0.07208704172753577,
            "15": 0.07215825728842451,
            "16": 0.07224538265455845,
            "17": 0.07234837098828291,
            "18": 0.07246780803015002,
            "19": 0.07260788384111254
        },
        "CATO-AFNO (w/o MF)": {
            "1": 0.07502074521166656,
            "2": 0.0747788727329173,
            "3": 0.07456168128136721,
            "4": 0.0743704437738878,
            "5": 0.07420630446469248,
            "6": 0.07407011438001405,
            "7": 0.07396234248981244,
            "8": 0.07388324905033286,
            "9": 0.07383315552014517,
            "10": 0.07381252848826457,
            "11": 0.07382184567700555,
            "12": 0.07386132554816542,
            "13": 0.07393069291037085,
            "14": 0.0740291927398028,
            "15": 0.07415588892932937,
            "16": 0.07430993552829944,
            "17": 0.07449059579596339,
            "18": 0.07469710496623479,
            "19": 0.07492853792130148
        },
        "CATO-Transolver (w/ MF)": {
            "1": 0.07389532641357965,
            "2": 0.0737146077194542,
            "3": 0.0735622631726291,
            "4": 0.07343159176696834,
            "5": 0.07331899701153645,
            "6": 0.07322595538089793,
            "7": 0.07315700648567071,
            "8": 0.07311553712695253,
            "9": 0.0731016609983482,
            "10": 0.07311417296491221,
            "11": 0.07315358377084392,
            "12": 0.07322219934950897,
            "13": 0.07332091492413788,
            "14": 0.0734464717362889,
            "15": 0.07359277294101486,
            "16": 0.07375516687110742,
            "17": 0.07393379917621276,
            "18": 0.07413341373845209,
            "19": 0.07435973494333983
        },
        "CATO-Transolver (w/o MF)": {
            "1": 0.07797321447453116,
            "2": 0.07765701184991089,
            "3": 0.0773697124644349,
            "4": 0.07711328869880182,
            "5": 0.07688891383934468,
            "6": 0.07669723193929276,
            "7": 0.07653884245892711,
            "8": 0.07641456520595884,
            "9": 0.07632535333427905,
            "10": 0.07627193142932782,
            "11": 0.07625436809358072,
            "12": 0.07627199435147002,
            "13": 0.07632381541716247,
            "14": 0.076408979210323,
            "15": 0.07652688458820008,
            "16": 0.07667687230958206,
            "17": 0.07685778815545659,
            "18": 0.07706783926078814,
            "19": 0.07730494908530999
        }
    },
    "frame_mae": {
        "CATO-AFNO (w/ MF)": {
            "1": 0.39579557793325476,
            "2": 0.39479753002184165,
            "3": 0.3939356111500361,
            "4": 0.393193990498373,
            "5": 0.3925570778868514,
            "6": 0.39199706216925356,
            "7": 0.39149604501245233,
            "8": 0.3910686602657788,
            "9": 0.3907652353696083,
            "10": 0.3906348251534379,
            "11": 0.39068725633838947,
            "12": 0.39088654409260504,
            "13": 0.391181036500626,
            "14": 0.39154676859781623,
            "15": 0.3919838013496573,
            "16": 0.39250430425008137,
            "17": 0.39310732366831874,
            "18": 0.39379676984325396,
            "19": 0.3945927756670948
        },
        "CATO-AFNO (w/o MF)": {
            "1": 0.40584044338905645,
            "2": 0.40460160394781797,
            "3": 0.4035018850352666,
            "4": 0.40255091440732077,
            "5": 0.4017554286625831,
            "6": 0.40111876505150634,
            "7": 0.4006431787743416,
            "8": 0.4003274338865934,
            "9": 0.40017307568902843,
            "10": 0.4001828189745341,
            "11": 0.4003596039776388,
            "12": 0.40070488529118226,
            "13": 0.40121875588752365,
            "14": 0.40189167040123785,
            "15": 0.40271535677452613,
            "16": 0.4036838777533405,
            "17": 0.4047931834878442,
            "18": 0.40603764137720955,
            "19": 0.4074108954651715
        },
        "CATO-Transolver (w/ MF)": {
            "1": 0.40051485161803085,
            "2": 0.3995691466222615,
            "3": 0.39876455651026343,
            "4": 0.3980671542529102,
            "5": 0.39745959887221527,
            "6": 0.39695221696270105,
            "7": 0.3965686072171007,
            "8": 0.3963264243678959,
            "9": 0.39622585435980534,
            "10": 0.39625809351603186,
            "11": 0.3964233393647355,
            "12": 0.39673395622810814,
            "13": 0.3971984282802774,
            "14": 0.3978037728784291,
            "15": 0.39852385830117143,
            "16": 0.39933335299905576,
            "17": 0.40022765991350284,
            "18": 0.40123015364555464,
            "19": 0.40237127055860544
        },
        "CATO-Transolver (w/o MF)": {
            "1": 0.42223889093965156,
            "2": 0.42059266412639185,
            "3": 0.41909626333680866,
            "4": 0.41775719886501084,
            "5": 0.4165807650404978,
            "6": 0.4155713733690514,
            "7": 0.414733194760536,
            "8": 0.4140729996058494,
            "9": 0.4135952170472167,
            "10": 0.4133071088573159,
            "11": 0.41321046406819945,
            "12": 0.41329928964240364,
            "13": 0.41356924200711187,
            "14": 0.41401620311824155,
            "15": 0.4146342231367277,
            "16": 0.41541775816651794,
            "17": 0.4163581573799865,
            "18": 0.4174451680379372,
            "19": 0.4186656715009855
        }
    },
    "frame_rmse": {
        "CATO-AFNO (w/ MF)": {
            "1": 0.5496664256772956,
            "2": 0.548258479273758,
            "3": 0.5470242023364483,
            "4": 0.5459467870475283,
            "5": 0.5450093790505279,
            "6": 0.5441771494210249,
            "7": 0.5434255829294131,
            "8": 0.5427758993652206,
            "9": 0.542291394380093,
            "10": 0.5420427571969629,
            "11": 0.542043028827202,
            "12": 0.5422433016105068,
            "13": 0.5425798089162003,
            "14": 0.543020494371356,
            "15": 0.5435680506565079,
            "16": 0.5442354151549452,
            "17": 0.5450222620334684,
            "18": 0.5459330554982869,
            "19": 0.5469993918025259
        },
        "CATO-AFNO (w/o MF)": {
            "1": 0.5649823100309189,
            "2": 0.5631727388386506,
            "3": 0.5615489116221437,
            "4": 0.5601204350215927,
            "5": 0.558895948874447,
            "6": 0.5578818814185065,
            "7": 0.5570817777273355,
            "8": 0.5564976080631008,