{
    "FNO_inside": {
        "rmse": 0.5341573956790271,
        "mae": 0.3745865472593266,
        "l2_loss": 0.12281850142048854
    },
    "FNO_outside": {
        "rmse": 0.5361139479333116,
        "mae": 0.37567506166151987,
        "l2_loss": 0.12326005751019663
    },
    "AFNO_outside": {
        "rmse": 0.5108948878404278,
        "mae": 0.3541236934544127,
        "l2_loss": 0.11745226253595646
    },
    "Transolver_outside": {
        "rmse": 0.5294674495234563,
        "mae": 0.3600089576509268,
        "l2_loss": 0.12173103321791418
    },
    "FLRONet_outside": {
        "rmse": 0.5724109628776723,
        "mae": 0.40781110946043014,
        "l2_loss": 0.13160501001541533
    },
    "CATO-afno_outside": {
        "rmse": 0.5117190439796214,
        "mae": 0.3557626113479516,
        "l2_loss": 0.11764307538238031
    },
    "CATO-trans_outside": {
        "rmse": 0.5034611403357285,
        "mae": 0.33966495873015584,
        "l2_loss": 0.11575152195934814
    }
}