{
    "FNO": {
        "MAE": [
            0.3782695402021277,
            0.3810629760565823,
            0.3890761672225717,
            0.4183328079850706,
            0.37841176553948286,
            0.3790437596709761,
            0.38207313500038564
        ],
        "L2": [
            0.12359543911194149,
            0.12430866958752071,
            0.12646044583557403,
            0.13500855554864832,
            0.12360014203068329,
            0.12376627807747828,
            0.12469480722530248
        ],
        "RMSE": [
            0.5374732708277767,
            0.5405718165717713,
            0.5499224561534516,
            0.5870757259734689,
            0.5374942330464925,
            0.5382167901078315,
            0.5422546379370232
        ]
    },
    "FLRONet-FNO": {
        "MAE": [
            0.4191546029424014,
            0.422566850054754,
            0.4339281906820323,
            0.4862094655020596,
            0.41901917420837975,
            0.41958502669856973,
            0.42310902578373477
        ],
        "L2": [
            0.13472236362222123,
            0.13564472921090584,
            0.13883486489114696,
            0.15480652684218263,
            0.1345419704097591,
            0.1345932483571033,
            0.13549718285260134
        ],
        "RMSE": [
            0.5874208301714022,
            0.5914946997002379,
            0.6055533369926557,
            0.6755694712678048,
            0.5866600920892742,
            0.5869031081460927,
            0.5908596666708384
        ]
    },
    "AFNO": {
        "MAE": [
            0.36091083549473385,
            0.3687085130035061,
            0.389579556086292,
            0.4573171277568765,
            0.36547455085466984,
            0.3706287716757761,
            0.38301668746830664
        ],
        "L2": [
            0.11884877980776029,
            0.12086114641534139,
            0.12673276829188818,
            0.14859109872008022,
            0.12029466189137877,
            0.12191686344473329,
            0.12575288444553337
        ],
        "RMSE": [
            0.5168422696933355,
            0.5255908866859462,
            0.551122153866781,
            0.6461814698291152,
            0.523129425024333,
            0.5301839366351089,
            0.5468700759214897
        ]
    },
    "CATO-AFNO": {
        "MAE": [
            0.35489011100710255,
            0.3612659066507261,
            0.3786161791788389,
            0.4366075465532198,
            0.35838390609172927,
            0.3626836143536111,
            0.37309273273161014
        ],
        "L2": [
            0.11750848708699828,
            0.11907260031120417,
            0.12365516976338543,
            0.1412643066007797,
            0.11864528462086639,
            0.11999081650825395,
            0.12321775977129805
        ],
        "RMSE": [
            0.5110486167342696,
            0.5178514303001639,
            0.5377857841857492,
            0.6143996543263736,
            0.5159881323575973,
            0.5218361747999714,
            0.5358642563427964
        ]
    },
    "Transolver": {
        "MAE": [
            0.35967859466598456,
            0.3636561021004638,
            0.3727938985579634,
            0.3994088155357805,
            0.36148775126019567,
            0.363663989632097,
            0.3688681160342203
        ],
        "L2": [
            0.12170507323047886,
            0.1226071759241901,
            0.1248676377412391,
            0.13226587707049225,
            0.12238062825309087,
            0.12314494357329525,
            0.12490390477931662
        ],
        "RMSE": [
            0.5291997277981615,
            0.5331181594770249,
            0.5429456722246457,
            0.5751339361275712,
            0.5321404584058343,
            0.535465667182452,
            0.5431156436874441
        ]
    },
    "CATO-Transolver": {
        "MAE": [
            0.34518195962252685,
            0.34850824246667833,
            0.3569624813043908,
            0.381609119332,
            0.3471711095065287,
            0.3495056537732686,
            0.35487200515727474
        ],
        "L2": [
            0.11666670687598725,
            0.11744622227876153,
            0.11959737566848323,
            0.1265626323039401,
            0.11740512877498588,
            0.1182192228836556,
            0.1201010930926016
        ],
        "RMSE": [
            0.5073079564800002,
            0.5106967310791146,
            0.5200496813614075,
            0.5503394366943672,
            0.5105211855614022,
            0.5140636974818086,
            0.5222507629084261
        ]
    }
}