{
    "FNO": {
        "MAE": [
            0.3745865566273258,
            0.3774025034006328,
            0.38546052836392025,
            0.4148327898081035,
            0.37477201549974204,
            0.3754691237456178,
            0.3787749597879305
        ],
        "L2": [
            0.12281850144675333,
            0.12353773508986382,
            0.12570889158404036,
            0.1343155802112736,
            0.1228209879606554,
            0.12299656226006273,
            0.12398978474817864
        ],
        "RMSE": [
            0.5341574022214707,
            0.5372827360891316,
            0.5467192702097435,
            0.5841305589022702,
            0.5341691042462441,
            0.5349331743913154,
            0.5392540163373294
        ]
    },
    "FLRONet-FNO": {
        "MAE": [
            0.42242246347747436,
            0.4259280207630706,
            0.4374862863184655,
            0.49027103393861693,
            0.42232399848226,
            0.4229010148407662,
            0.42647793337906875
        ],
        "L2": [
            0.13578238960814804,
            0.13673337133575791,
            0.13998783309369872,
            0.15613573496676472,
            0.13559904064830036,
            0.13564495664753326,
            0.1365432663425191
        ],
        "RMSE": [
            0.590527517501622,
            0.5946605575411287,
            0.6088078356768987,
            0.6790182716225924,
            0.5897279776122472,
            0.5899255928927905,
            0.5938285484705885
        ]
    },
    "AFNO": {
        "MAE": [
            0.3629330326433051,
            0.37056602162041075,
            0.39112713091993984,
            0.4582437647940361,
            0.3676660850031735,
            0.3729193300008774,
            0.38587816659718344
        ],
        "L2": [
            0.11946214509949292,
            0.12144901783090749,
            0.1272555670713725,
            0.14890499276249375,
            0.12091784053673484,
            0.12254587852791564,
            0.126505166792298
        ],
        "RMSE": [
            0.5195446370807413,
            0.5281851736650075,
            0.553440833581637,
            0.6476121957987955,
            0.525876045757777,
            0.5329578212270998,
            0.5501804777204173
        ]
    },
    "CATO-AFNO": {
        "MAE": [
            0.35826318570195814,
            0.3647190807616874,
            0.38230134452859016,
            0.440945586276381,
            0.36160907598390973,
            0.365693900356554,
            0.37588607946487324
        ],
        "L2": [
            0.11846578688654182,
            0.12004328020019074,
            0.12468007218143712,
            0.14253456410888124,
            0.11954209983144722,
            0.1208316921881617,
            0.1240006963377946
        ],
        "RMSE": [
            0.5152643639747411,
            0.5221245074517107,
            0.5422907523912927,
            0.6199469079710033,
            0.519943063389765,
            0.5255497994488233,
            0.5393294273990474
        ]
    },
    "Transolver": {
        "MAE": [
            0.36054903795457866,
            0.36405091571481263,
            0.37222869498272465,
            0.39681895265024003,
            0.36228509357530775,
            0.364370499245108,
            0.3692852247251223
        ],
        "L2": [
            0.12193609375047357,
            0.12274926091506057,
            0.12481748997552754,
            0.13173334503622905,
            0.12260252552693837,
            0.12335586887720514,
            0.12504388984956152
        ],
        "RMSE": [
            0.5302618815066064,
            0.5337962033813947,
            0.5427919861796784,
            0.5728859688321205,
            0.5331628344238621,
            0.5364406516698942,
            0.5437847339943663
        ]
    },
    "CATO-Transolver": {
        "MAE": [
            0.34579158862159676,
            0.3490963362259408,
            0.3575799586021737,
            0.38225589063886095,
            0.3478328075310955,
            0.350194191851028,
            0.35564477080351686
        ],
        "L2": [
            0.11681884834415292,
            0.11759378810043204,
            0.11974718261459102,
            0.12671630312114546,
            0.1175720642384601,
            0.1184033258320534,
            0.1203012297210628
        ],
        "RMSE": [
            0.5080290239967712,
            0.5113981839320431,
            0.520761116849233,
            0.5510658263343654,
            0.5113075278801461,
            0.5149250320784033,
            0.5231837142411977
        ]
    }
}