{
    "FNO": {
        "Accuracy": 0.3782695402021277,
        "Noise_5%": 0.3810629760565823,
        "Noise_10%": 0.3890761672225717,
        "Noise_20%": 0.4183328079850706,
        "Dropout_5": 0.37841176553948286,
        "Dropout_10": 0.3790437596709761,
        "Dropout_20": 0.38207313500038564
    },
    "FLRONet-FNO": {
        "Accuracy": 0.4191546029424014,
        "Noise_5%": 0.422566850054754,
        "Noise_10%": 0.4339281906820323,
        "Noise_20%": 0.4862094655020596,
        "Dropout_5": 0.41901917420837975,
        "Dropout_10": 0.41958502669856973,
        "Dropout_20": 0.42310902578373477
    },
    "AFNO": {
        "Accuracy": 0.36091083549473385,
        "Noise_5%": 0.3687085130035061,
        "Noise_10%": 0.389579556086292,
        "Noise_20%": 0.4573171277568765,
        "Dropout_5": 0.36547455085466984,
        "Dropout_10": 0.3706287716757761,
        "Dropout_20": 0.38301668746830664
    },
    "CATO-AFNO": {
        "Accuracy": 0.35489011100710255,
        "Noise_5%": 0.3612659066507261,
        "Noise_10%": 0.3786161791788389,
        "Noise_20%": 0.4366075465532198,
        "Dropout_5": 0.35838390609172927,
        "Dropout_10": 0.3626836143536111,
        "Dropout_20": 0.37309273273161014
    },
    "Transolver": {
        "Accuracy": 0.35967859466598456,
        "Noise_5%": 0.3636561021004638,
        "Noise_10%": 0.3727938985579634,
        "Noise_20%": 0.3994088155357805,
        "Dropout_5": 0.36148775126019567,
        "Dropout_10": 0.363663989632097,
        "Dropout_20": 0.3688681160342203
    },
    "CATO-Transolver": {
        "Accuracy": 0.34518195962252685,
        "Noise_5%": 0.34850824246667833,
        "Noise_10%": 0.3569624813043908,
        "Noise_20%": 0.381609119332,
        "Dropout_5": 0.3471711095065287,
        "Dropout_10": 0.3495056537732686,
        "Dropout_20": 0.35487200515727474
    }
}